<Processor name="neorv32" description="The NEORV32 RISC-V Processor">
  <RegisterGroup name="CFS" start="0xFFFFFE00" description="Custom functions subsystem">
    <Register start="+0x00" size="4" name="REG0" access="Read/Write" description="Application-defined" reset_value="0x00000000" reset_mask="0x00000000" />
    <Register start="+0x04" size="4" name="REG1" access="Read/Write" description="Application-defined" reset_value="0x00000000" reset_mask="0x00000000" />
    <Register start="+0x08" size="4" name="REG2" access="Read/Write" description="Application-defined" reset_value="0x00000000" reset_mask="0x00000000" />
    <Register start="+0x0C" size="4" name="REG3" access="Read/Write" description="Application-defined" reset_value="0x00000000" reset_mask="0x00000000" />
    <Register start="+0x10" size="4" name="REG4" access="Read/Write" description="Application-defined" reset_value="0x00000000" reset_mask="0x00000000" />
    <Register start="+0x14" size="4" name="REG5" access="Read/Write" description="Application-defined" reset_value="0x00000000" reset_mask="0x00000000" />
    <Register start="+0x18" size="4" name="REG6" access="Read/Write" description="Application-defined" reset_value="0x00000000" reset_mask="0x00000000" />
    <Register start="+0x1C" size="4" name="REG7" access="Read/Write" description="Application-defined" reset_value="0x00000000" reset_mask="0x00000000" />
    <Register start="+0x20" size="4" name="REG8" access="Read/Write" description="Application-defined" reset_value="0x00000000" reset_mask="0x00000000" />
    <Register start="+0x24" size="4" name="REG9" access="Read/Write" description="Application-defined" reset_value="0x00000000" reset_mask="0x00000000" />
    <Register start="+0x28" size="4" name="REG10" access="Read/Write" description="Application-defined" reset_value="0x00000000" reset_mask="0x00000000" />
    <Register start="+0x2C" size="4" name="REG11" access="Read/Write" description="Application-defined" reset_value="0x00000000" reset_mask="0x00000000" />
    <Register start="+0x30" size="4" name="REG12" access="Read/Write" description="Application-defined" reset_value="0x00000000" reset_mask="0x00000000" />
    <Register start="+0x34" size="4" name="REG13" access="Read/Write" description="Application-defined" reset_value="0x00000000" reset_mask="0x00000000" />
    <Register start="+0x38" size="4" name="REG14" access="Read/Write" description="Application-defined" reset_value="0x00000000" reset_mask="0x00000000" />
    <Register start="+0x3C" size="4" name="REG15" access="Read/Write" description="Application-defined" reset_value="0x00000000" reset_mask="0x00000000" />
    <Register start="+0x40" size="4" name="REG16" access="Read/Write" description="Application-defined" reset_value="0x00000000" reset_mask="0x00000000" />
    <Register start="+0x44" size="4" name="REG17" access="Read/Write" description="Application-defined" reset_value="0x00000000" reset_mask="0x00000000" />
    <Register start="+0x48" size="4" name="REG18" access="Read/Write" description="Application-defined" reset_value="0x00000000" reset_mask="0x00000000" />
    <Register start="+0x4C" size="4" name="REG19" access="Read/Write" description="Application-defined" reset_value="0x00000000" reset_mask="0x00000000" />
    <Register start="+0x50" size="4" name="REG20" access="Read/Write" description="Application-defined" reset_value="0x00000000" reset_mask="0x00000000" />
    <Register start="+0x54" size="4" name="REG21" access="Read/Write" description="Application-defined" reset_value="0x00000000" reset_mask="0x00000000" />
    <Register start="+0x58" size="4" name="REG22" access="Read/Write" description="Application-defined" reset_value="0x00000000" reset_mask="0x00000000" />
    <Register start="+0x5C" size="4" name="REG23" access="Read/Write" description="Application-defined" reset_value="0x00000000" reset_mask="0x00000000" />
    <Register start="+0x60" size="4" name="REG24" access="Read/Write" description="Application-defined" reset_value="0x00000000" reset_mask="0x00000000" />
    <Register start="+0x64" size="4" name="REG25" access="Read/Write" description="Application-defined" reset_value="0x00000000" reset_mask="0x00000000" />
    <Register start="+0x68" size="4" name="REG26" access="Read/Write" description="Application-defined" reset_value="0x00000000" reset_mask="0x00000000" />
    <Register start="+0x6C" size="4" name="REG27" access="Read/Write" description="Application-defined" reset_value="0x00000000" reset_mask="0x00000000" />
    <Register start="+0x70" size="4" name="REG28" access="Read/Write" description="Application-defined" reset_value="0x00000000" reset_mask="0x00000000" />
    <Register start="+0x74" size="4" name="REG29" access="Read/Write" description="Application-defined" reset_value="0x00000000" reset_mask="0x00000000" />
    <Register start="+0x78" size="4" name="REG30" access="Read/Write" description="Application-defined" reset_value="0x00000000" reset_mask="0x00000000" />
    <Register start="+0x7C" size="4" name="REG31" access="Read/Write" description="Application-defined" reset_value="0x00000000" reset_mask="0x00000000" />
  </RegisterGroup>
  <RegisterGroup name="PWM" start="0xFFFFFE80" description="Pulse-width modulation controller">
    <Register start="+0x00" size="4" name="CTRL" access="Read/Write" description="Control register" reset_value="0x00000000" reset_mask="0x00000000">
      <BitField start="0" size="1" name="PWM_CTRL_EN" description="PWM controller enable flag" />
      <BitField start="1" size="3" name="PWM_CTRL_PRSCx" description="Clock prescaler select" />
    </Register>
    <Register start="+0x04" size="4" name="DUTY0" access="Read/Write" description="Duty cycle register 0" reset_value="0x00000000" reset_mask="0x00000000" />
    <Register start="+0x08" size="4" name="DUTY1" access="Read/Write" description="Duty cycle register 1" reset_value="0x00000000" reset_mask="0x00000000" />
    <Register start="+0x0C" size="4" name="DUTY2" access="Read/Write" description="Duty cycle register 2" reset_value="0x00000000" reset_mask="0x00000000" />
    <Register start="+0x10" size="4" name="DUTY3" access="Read/Write" description="Duty cycle register 3" reset_value="0x00000000" reset_mask="0x00000000" />
    <Register start="+0x14" size="4" name="DUTY4" access="Read/Write" description="Duty cycle register 4" reset_value="0x00000000" reset_mask="0x00000000" />
    <Register start="+0x18" size="4" name="DUTY5" access="Read/Write" description="Duty cycle register 5" reset_value="0x00000000" reset_mask="0x00000000" />
    <Register start="+0x1C" size="4" name="DUTY6" access="Read/Write" description="Duty cycle register 6" reset_value="0x00000000" reset_mask="0x00000000" />
    <Register start="+0x20" size="4" name="DUTY7" access="Read/Write" description="Duty cycle register 7" reset_value="0x00000000" reset_mask="0x00000000" />
    <Register start="+0x24" size="4" name="DUTY8" access="Read/Write" description="Duty cycle register 8" reset_value="0x00000000" reset_mask="0x00000000" />
    <Register start="+0x28" size="4" name="DUTY9" access="Read/Write" description="Duty cycle register 9" reset_value="0x00000000" reset_mask="0x00000000" />
    <Register start="+0x2C" size="4" name="DUTY10" access="Read/Write" description="Duty cycle register 10" reset_value="0x00000000" reset_mask="0x00000000" />
    <Register start="+0x30" size="4" name="DUTY11" access="Read/Write" description="Duty cycle register 11" reset_value="0x00000000" reset_mask="0x00000000" />
    <Register start="+0x34" size="4" name="DUTY12" access="Read/Write" description="Duty cycle register 12" reset_value="0x00000000" reset_mask="0x00000000" />
    <Register start="+0x38" size="4" name="DUTY13" access="Read/Write" description="Duty cycle register 13" reset_value="0x00000000" reset_mask="0x00000000" />
    <Register start="+0x3C" size="4" name="DUTY14" access="Read/Write" description="Duty cycle register 14" reset_value="0x00000000" reset_mask="0x00000000" />
  </RegisterGroup>
  <RegisterGroup name="SLINK" start="0xFFFFFEC0" description="Stream link interface">
    <Register start="+0x00" size="4" name="CTRL" access="Read/Write" description="Control register" reset_value="0x00000000" reset_mask="0x00000000">
      <BitField start="0" size="4" name="SLINK_CTRL_RX_NUMx" description="Number of implemented RX links" />
      <BitField start="4" size="4" name="SLINK_CTRL_TX_NUMx" description="Number of implemented TX links" />
      <BitField start="8" size="4" name="SLINK_CTRL_RX_FIFO_Sx" description="log2(RX FIFO size)" />
      <BitField start="12" size="4" name="SLINK_CTRL_TX_FIFO_Sx" description="log2(TX FIFO size)" />
      <BitField start="31" size="1" name="SLINK_CTRL_EN" description="SLINK enable flag" />
    </Register>
    <Register start="+0x08" size="4" name="IRQ" access="Read/Write" description="Link interrupt configuration register" reset_value="0x00000000" reset_mask="0x00000000">
      <BitField start="0" size="8" name="SLINK_IRQ_RX_EN" description="RX link interrupt enable" />
      <BitField start="8" size="8" name="SLINK_IRQ_RX_MODE" description="RX link interrupt mode" />
      <BitField start="16" size="8" name="SLINK_IRQ_TX_EN" description="TX link interrupt enable" />
      <BitField start="24" size="8" name="SLINK_IRQ_TX_MODE" description="TX link interrupt mode" />
    </Register>
    <Register start="+0x10" size="4" name="STATUS" access="Read/Write" description="Link status register" reset_value="0x00000000" reset_mask="0x00000000">
      <BitField start="0" size="8" name="SLINK_STATUS_RX_AVAIL" description="RX link n FIFO is NOT empty (data available)" />
      <BitField start="8" size="8" name="SLINK_STATUS_TX_FREE" description="TX link n FIFO is NOT full (ready to send)" />
      <BitField start="16" size="8" name="SLINK_STATUS_RX_HALF" description="RX link n FIFO fill level is &gt;= half-full" />
      <BitField start="24" size="8" name="SLINK_STATUS_TX_HALF" description="TX link 0 FIFO fill level is &gt; half-full" />
    </Register>
    <Register start="+0x20" size="4" name="DATA0" access="Read/Write" description="Link 0 RTX data register" reset_value="0x00000000" reset_mask="0x00000000" />
    <Register start="+0x24" size="4" name="DATA1" access="Read/Write" description="Link 1 RTX data register" reset_value="0x00000000" reset_mask="0x00000000" />
    <Register start="+0x28" size="4" name="DATA2" access="Read/Write" description="Link 2 RTX data register" reset_value="0x00000000" reset_mask="0x00000000" />
    <Register start="+0x2C" size="4" name="DATA3" access="Read/Write" description="Link 3 RTX data register" reset_value="0x00000000" reset_mask="0x00000000" />
    <Register start="+0x30" size="4" name="DATA4" access="Read/Write" description="Link 4 RTX data register" reset_value="0x00000000" reset_mask="0x00000000" />
    <Register start="+0x34" size="4" name="DATA5" access="Read/Write" description="Link 5 RTX data register" reset_value="0x00000000" reset_mask="0x00000000" />
    <Register start="+0x38" size="4" name="DATA6" access="Read/Write" description="Link 6 RTX data register" reset_value="0x00000000" reset_mask="0x00000000" />
    <Register start="+0x3C" size="4" name="DATA7" access="Read/Write" description="Link 7 RTX data register" reset_value="0x00000000" reset_mask="0x00000000" />
  </RegisterGroup>
  <RegisterGroup name="GPTMR" start="0xFFFFFF60" description="General purpose timer">
    <Register start="+0x00" size="4" name="CTRL" access="Read/Write" description="Control register" reset_value="0x00000000" reset_mask="0x00000000">
      <BitField start="0" size="1" name="GPTMR_CTRL_EN" description="Timer enable flag" />
      <BitField start="1" size="3" name="GPTMR_CTRL_PRSC" description="Clock prescaler select" />
      <BitField start="4" size="1" name="GPTMR_CTRL_MODE" description="Timer mode: 0=single-shot mode, 1=continuous mode" />
      <BitField start="5" size="1" name="GPTMR_CTRL_ALARM" description="Interrupt/alarm pending, cleared by setting bit to zero" />
    </Register>
    <Register start="+0x04" size="4" name="THRES" access="Read/Write" description="Threshold register" reset_value="0x00000000" reset_mask="0x00000000" />
    <Register start="+0x08" size="4" name="COUNT" access="Read/Write" description="Counter register" reset_value="0x00000000" reset_mask="0x00000000" />
  </RegisterGroup>
  <RegisterGroup name="BUSKEEPER" start="0xFFFFFF7C" description="Bus keeper">
    <Register start="+0x00" size="4" name="CTRL" access="Read/Write" description="Control register" reset_value="0x00000000" reset_mask="0x00000000">
      <BitField start="0" size="1" name="BUSKEEPER_ERR_TYPE" description="Bus error type: 0=device error, 1=access timeout" />
      <BitField start="31" size="1" name="BUSKEEPER_ERR_FLAG" description="Sticky error flag, clears after read or write access" />
    </Register>
  </RegisterGroup>
  <RegisterGroup name="XIRQ" start="0xFFFFFF80" description="External interrupts controller">
    <Register start="+0x00" size="4" name="IER" access="Read/Write" description="IRQ input enable register" reset_value="0x00000000" reset_mask="0x00000000" />
    <Register start="+0x04" size="4" name="IPR" access="Read/Write" description="IRQ pending/ack/clear register" reset_value="0x00000000" reset_mask="0x00000000" />
    <Register start="+0x08" size="4" name="SCR" access="Read/Write" description="IRQ source register" reset_value="0x00000000" reset_mask="0x00000000" />
  </RegisterGroup>
  <RegisterGroup name="MTIME" start="0xFFFFFF90" description="Machine timer">
    <Register start="+0x00" size="4" name="TIME_LO" access="Read/Write" description="System time register - low" reset_value="0x00000000" reset_mask="0x00000000" />
    <Register start="+0x04" size="4" name="TIME_HI" access="Read/Write" description="System time register - high" reset_value="0x00000000" reset_mask="0x00000000" />
    <Register start="+0x08" size="4" name="TIMECMP_LO" access="Read/Write" description="Time compare register - low" reset_value="0x00000000" reset_mask="0x00000000" />
    <Register start="+0x0C" size="4" name="TIMECMP_HI" access="Read/Write" description="Time compare register - high" reset_value="0x00000000" reset_mask="0x00000000" />
  </RegisterGroup>
  <RegisterGroup name="UART0" start="0xFFFFFFA0" description="Primary universal asynchronous receiver and transmitter">
    <Register start="+0x00" size="4" name="CTRL" access="Read/Write" description="Control register" reset_value="0x00000000" reset_mask="0x00000000">
      <BitField start="0" size="12" name="UART_CTRL_BAUD" description="Baud rate divisor" />
      <BitField start="12" size="1" name="UART_CTRL_SIM_MODE" description="Simulation output override enable, for use in simulation only" />
      <BitField start="13" size="1" name="UART_CTRL_RX_EMPTY" description="RX FIFO is empty" />
      <BitField start="14" size="1" name="UART_CTRL_RX_HALF" description="RX FIFO is at least half-full" />
      <BitField start="15" size="1" name="UART_CTRL_RX_FULL" description="RX FIFO is full" />
      <BitField start="16" size="1" name="UART_CTRL_TX_EMPTY" description="TX FIFO is empty" />
      <BitField start="17" size="1" name="UART_CTRL_TX_HALF" description="TX FIFO is at least half-full" />
      <BitField start="18" size="1" name="UART_CTRL_TX_FULL" description="TX FIFO is full" />
      <BitField start="20" size="1" name="UART_CTRL_RTS_EN" description="Enable hardware flow control: Assert RTS output if UART.RX is ready to receive" />
      <BitField start="21" size="1" name="UART_CTRL_CTS_EN" description="Enable hardware flow control: UART.TX starts sending only if CTS input is asserted" />
      <BitField start="22" size="1" name="UART_CTRL_PMODE0" description="Parity configuration (0=even; 1=odd)" />
      <BitField start="23" size="1" name="UART_CTRL_PMODE1" description="Parity bit enabled when set" />
      <BitField start="24" size="3" name="UART_CTRL_PRSC" description="Clock prescaler select" />
      <BitField start="27" size="1" name="UART_CTRL_CTS" description="current state of CTS input" />
      <BitField start="28" size="1" name="UART_CTRL_EN" description="UART enable flag" />
      <BitField start="29" size="1" name="UART_CTRL_RX_IRQ" description="RX IRQ mode: 1=FIFO at least half-full; 0=FIFO not empty" />
      <BitField start="30" size="1" name="UART_CTRL_TX_IRQ" description="TX IRQ mode: 1=FIFO less than half-full; 0=FIFO not full" />
      <BitField start="31" size="1" name="UART_CTRL_TX_BUSY" description="Transmitter is busy when set" />
    </Register>
    <Register start="+0x04" size="4" name="DATA" access="Read/Write" description="RX/TX data register" reset_value="0x00000000" reset_mask="0x00000000">
      <BitField start="0" size="8" name="UART_DATA" description="Receive/transmit data" />
      <BitField start="28" size="1" name="UART_DATA_PERR" description="RX parity error detected when set" />
      <BitField start="29" size="1" name="UART_DATA_FERR" description="RX frame error (no valid stop bit) detected when set" />
      <BitField start="30" size="1" name="UART_DATA_OVERR" description="RX parity error detected when set" />
      <BitField start="31" size="1" name="UART_DATA_AVAIL" description="RX data available when set" />
    </Register>
  </RegisterGroup>
  <RegisterGroup name="UART1" start="0xFFFFFFD0" description="Secondary universal asynchronous receiver and transmitter">
    <Register start="+0x00" size="4" name="CTRL" access="Read/Write" description="Control register" reset_value="0x00000000" reset_mask="0x00000000">
      <BitField start="0" size="12" name="UART_CTRL_BAUD" description="Baud rate divisor" />
      <BitField start="12" size="1" name="UART_CTRL_SIM_MODE" description="Simulation output override enable, for use in simulation only" />
      <BitField start="13" size="1" name="UART_CTRL_RX_EMPTY" description="RX FIFO is empty" />
      <BitField start="14" size="1" name="UART_CTRL_RX_HALF" description="RX FIFO is at least half-full" />
      <BitField start="15" size="1" name="UART_CTRL_RX_FULL" description="RX FIFO is full" />
      <BitField start="16" size="1" name="UART_CTRL_TX_EMPTY" description="TX FIFO is empty" />
      <BitField start="17" size="1" name="UART_CTRL_TX_HALF" description="TX FIFO is at least half-full" />
      <BitField start="18" size="1" name="UART_CTRL_TX_FULL" description="TX FIFO is full" />
      <BitField start="20" size="1" name="UART_CTRL_RTS_EN" description="Enable hardware flow control: Assert RTS output if UART.RX is ready to receive" />
      <BitField start="21" size="1" name="UART_CTRL_CTS_EN" description="Enable hardware flow control: UART.TX starts sending only if CTS input is asserted" />
      <BitField start="22" size="1" name="UART_CTRL_PMODE0" description="Parity configuration (0=even; 1=odd)" />
      <BitField start="23" size="1" name="UART_CTRL_PMODE1" description="Parity bit enabled when set" />
      <BitField start="24" size="3" name="UART_CTRL_PRSC" description="Clock prescaler select" />
      <BitField start="27" size="1" name="UART_CTRL_CTS" description="current state of CTS input" />
      <BitField start="28" size="1" name="UART_CTRL_EN" description="UART enable flag" />
      <BitField start="29" size="1" name="UART_CTRL_RX_IRQ" description="RX IRQ mode: 1=FIFO at least half-full; 0=FIFO not empty" />
      <BitField start="30" size="1" name="UART_CTRL_TX_IRQ" description="TX IRQ mode: 1=FIFO less than half-full; 0=FIFO not full" />
      <BitField start="31" size="1" name="UART_CTRL_TX_BUSY" description="Transmitter is busy when set" />
    </Register>
    <Register start="+0x04" size="4" name="DATA" access="Read/Write" description="RX/TX data register" reset_value="0x00000000" reset_mask="0x00000000">
      <BitField start="0" size="8" name="UART_DATA" description="Receive/transmit data" />
      <BitField start="28" size="1" name="UART_DATA_PERR" description="RX parity error detected when set" />
      <BitField start="29" size="1" name="UART_DATA_FERR" description="RX frame error (no valid stop bit) detected when set" />
      <BitField start="30" size="1" name="UART_DATA_OVERR" description="RX parity error detected when set" />
      <BitField start="31" size="1" name="UART_DATA_AVAIL" description="RX data available when set" />
    </Register>
  </RegisterGroup>
  <RegisterGroup name="SPI" start="0xFFFFFFA8" description="Serial peripheral interface controller">
    <Register start="+0x00" size="4" name="CTRL" access="Read/Write" description="Control register" reset_value="0x00000000" reset_mask="0x00000000">
      <BitField start="0" size="8" name="SPI_CTRL_CS" description="Direct chip select line" />
      <BitField start="8" size="1" name="SPI_CTRL_EN" description="SPI enable flag" />
      <BitField start="9" size="1" name="SPI_CTRL_CPHA" description="Clock phase" />
      <BitField start="10" size="3" name="SPI_CTRL_PRSC" description="Clock prescaler select" />
      <BitField start="13" size="2" name="SPI_CTRL_SIZE" description="Data transfer size" />
      <BitField start="15" size="1" name="SPI_CTRL_CPOL" description="Clock polarity" />
      <BitField start="31" size="1" name="SPI_CTRL_BUSY" description="SPI busy flag" />
    </Register>
    <Register start="+0x04" size="4" name="DATA" access="Read/Write" description="RX/TX data register" reset_value="0x00000000" reset_mask="0x00000000" />
  </RegisterGroup>
  <RegisterGroup name="TWI" start="0xFFFFFFB0" description="Two-wire interface controller">
    <Register start="+0x00" size="4" name="CTRL" access="Read/Write" description="Control register" reset_value="0x00000000" reset_mask="0x00000000">
      <BitField start="0" size="1" name="TWI_CTRL_EN" description="TWI enable flag" />
      <BitField start="1" size="1" name="TWI_CTRL_START" description="Generate START condition, auto-clears" />
      <BitField start="2" size="1" name="TWI_CTRL_STOP" description="Generate STOP condition, auto-clears" />
      <BitField start="3" size="3" name="TWI_CTRL_PRSC" description="Clock prescaler select" />
      <BitField start="6" size="1" name="TWI_CTRL_MACK" description="Generate ACK by controller for each transmission" />
      <BitField start="30" size="1" name="TWI_CTRL_ACK" description="ACK received when set" />
      <BitField start="31" size="1" name="TWI_CTRL_BUSY" description="Transfer in progress, busy flag" />
    </Register>
    <Register start="+0x04" size="4" name="DATA" access="Read/Write" description="RX/TX data register" reset_value="0x00000000" reset_mask="0x00000000">
      <BitField start="0" size="8" name="TWI_DATA" description="RX/TX data" />
    </Register>
  </RegisterGroup>
  <RegisterGroup name="TRNG" start="0xFFFFFFB8" description="True random number generator">
    <Register start="+0x00" size="4" name="CTRL" access="Read/Write" description="Control and data register" reset_value="0x00000000" reset_mask="0x00000000">
      <BitField start="0" size="8" name="TRNG_CTRL_DATA" description="Random data" />
      <BitField start="30" size="1" name="TRNG_CTRL_EN" description="TRNG enable flag" />
      <BitField start="31" size="1" name="TRNG_CTRL_VALID" description="Random data output valid" />
    </Register>
  </RegisterGroup>
  <RegisterGroup name="WDT" start="0xFFFFFFBC" description="Watchdog timer">
    <Register start="+0x00" size="4" name="CTRL" access="Read/Write" description="Control register" reset_value="0x00000000" reset_mask="0x00000000">
      <BitField start="0" size="1" name="WDT_CTRL_EN" description="WDT enable flag" />
      <BitField start="1" size="3" name="WDT_CTRL_CLK_SEL" description="Clock prescaler select" />
      <BitField start="4" size="1" name="WDT_CTRL_MODE" description="Watchdog mode: 0=timeout causes interrupt, 1=timeout causes processor reset" />
      <BitField start="5" size="1" name="WDT_CTRL_RCAUSE" description="Cause of last system reset: 0=external reset, 1=watchdog" />
      <BitField start="6" size="1" name="WDT_CTRL_RESET" description="Reset WDT counter when set, auto-clears" />
      <BitField start="7" size="1" name="WDT_CTRL_FORCE" description="Force WDT action, auto-clears" />
      <BitField start="8" size="1" name="WDT_CTRL_LOCK" description="Lock write access to control register, clears on reset (HW or WDT) only" />
    </Register>
  </RegisterGroup>
  <RegisterGroup name="GPIO" start="0xFFFFFFc0" description="General purpose input/output port">
    <Register start="+0x00" size="4" name="INPUT_LO" access="ReadOnly" description="Parallel input register - low" reset_value="0x00000000" reset_mask="0x00000000" />
    <Register start="+0x04" size="4" name="INPUT_HI" access="ReadOnly" description="Parallel input register - high" reset_value="0x00000000" reset_mask="0x00000000" />
    <Register start="+0x08" size="4" name="OUTPUT_LO" access="Read/Write" description="Parallel output register - low" reset_value="0x00000000" reset_mask="0x00000000" />
    <Register start="+0x0C" size="4" name="OUTPUT_HI" access="Read/Write" description="Parallel output register - high" reset_value="0x00000000" reset_mask="0x00000000" />
  </RegisterGroup>
  <RegisterGroup name="NEOLED" start="0xFFFFFFD8" description="Smart LED hardware interface">
    <Register start="+0x00" size="4" name="CTRL" access="Read/Write" description="Control register" reset_value="0x00000000" reset_mask="0x00000000">
      <BitField start="0" size="1" name="NEOLED_CTRL_EN" description="NEOLED enable flag" />
      <BitField start="1" size="1" name="NEOLED_CTRL_MODE" description="TX mode (0=24-bit, 1=32-bit)" />
      <BitField start="2" size="1" name="NEOLED_CTRL_STROBE" description="Strobe (0=send normal data, 1=send RESET command on data write)" />
      <BitField start="3" size="3" name="NEOLED_CTRL_PRSC" description="Clock prescaler select" />
      <BitField start="6" size="4" name="NEOLED_CTRL_BUFS" description="log2(tx buffer size)" />
      <BitField start="10" size="5" name="NEOLED_CTRL_T_TOT" description="pulse-clock ticks per total period bit" />
      <BitField start="15" size="5" name="NEOLED_CTRL_T_ZERO_H" description="pulse-clock ticks per ZERO high-time" />
      <BitField start="20" size="5" name="NEOLED_CTRL_T_ONE_H" description="pulse-clock ticks per ONE high-time" />
      <BitField start="27" size="1" name="NEOLED_CTRL_IRQ_CONF" description="TX FIFO interrupt: 0=IRQ if FIFO is less than half-full, 1=IRQ if FIFO is empty" />
      <BitField start="28" size="1" name="NEOLED_CTRL_TX_EMPTY" description="TX FIFO is empty" />
      <BitField start="29" size="1" name="NEOLED_CTRL_TX_HALF" description="TX FIFO is at least half-full" />
      <BitField start="30" size="1" name="NEOLED_CTRL_TX_FULL" description="TX FIFO is full" />
      <BitField start="31" size="1" name="NEOLED_CTRL_TX_BUSY" description="busy flag" />
    </Register>
    <Register start="+0x04" size="4" name="DATA" access="Read/Write" description="Data register" reset_value="0x00000000" reset_mask="0x00000000" />
  </RegisterGroup>
  <RegisterGroup name="SYSINFO" start="0xFFFFFFE0" description="System configuration information memory">
    <Register start="+0x00" size="4" name="CLK" access="ReadOnly" description="Clock speed in Hz" reset_value="0x00000000" reset_mask="0x00000000" />
    <Register start="+0x04" size="4" name="CPU" access="ReadOnly" description="CPU core features" reset_value="0x00000000" reset_mask="0x00000000">
      <BitField start="0" size="1" name="SYSINFO_CPU_ZICSR" description="Zicsr extension (I sub-extension) available when set" />
      <BitField start="1" size="1" name="SYSINFO_CPU_ZIFENCEI" description="Zifencei extension (I sub-extension) available when set" />
      <BitField start="2" size="1" name="SYSINFO_CPU_ZMMUL" description="Zmmul extension (M sub-extension) available when set" />
      <BitField start="5" size="1" name="SYSINFO_CPU_ZFINX" description="Zfinx extension (F sub-/alternative-extension) available when set" />
      <BitField start="6" size="1" name="SYSINFO_CPU_ZXSCNT" description="Custom extension - Small CPU counters" />
      <BitField start="7" size="1" name="SYSINFO_CPU_ZICNTR" description="Basic CPU counters available when set" />
      <BitField start="8" size="1" name="SYSINFO_CPU_PMP" description="PMP (physical memory protection) extension available when set" />
      <BitField start="9" size="1" name="SYSINFO_CPU_ZIHPM" description="HPM (hardware performance monitors) extension available when set" />
      <BitField start="10" size="1" name="SYSINFO_CPU_DEBUGMODE" description="RISC-V CPU debug mode available when set" />
      <BitField start="30" size="1" name="SYSINFO_CPU_FASTMUL" description="fast multiplications (via FAST_MUL_EN generic) available when set" />
      <BitField start="31" size="1" name="SYSINFO_CPU_FASTSHIFT" description="fast shifts (via FAST_SHIFT_EN generic) available when set" />
    </Register>
    <Register start="+0x08" size="4" name="SOC" access="ReadOnly" description="SoC features" reset_value="0x00000000" reset_mask="0x00000000">
      <BitField start="0" size="1" name="SYSINFO_SOC_BOOTLOADER" description="Bootloader implemented" />
      <BitField start="1" size="1" name="SYSINFO_SOC_MEM_EXT" description="External bus interface implemented" />
      <BitField start="2" size="1" name="SYSINFO_SOC_MEM_INT_IMEM" description="Processor-internal instruction memory implemented" />
      <BitField start="3" size="1" name="SYSINFO_SOC_MEM_INT_DMEM" description="Processor-internal data memory implemented" />
      <BitField start="4" size="1" name="SYSINFO_SOC_MEM_EXT_ENDIAN" description="External bus interface uses BIG-endian byte-order" />
      <BitField start="5" size="1" name="SYSINFO_SOC_ICACHE" description="Processor-internal instruction cache implemented" />
      <BitField start="13" size="1" name="SYSINFO_SOC_IS_SIM" description="Set if processor is being simulated" />
      <BitField start="14" size="1" name="SYSINFO_SOC_OCD" description="On-chip debugger implemented" />
      <BitField start="15" size="1" name="SYSINFO_SOC_HW_RESET" description="Dedicated hardware reset of core registers implemented" />
      <BitField start="16" size="1" name="SYSINFO_SOC_IO_GPIO" description="General purpose input/output port unit implemented" />
      <BitField start="17" size="1" name="SYSINFO_SOC_IO_MTIME" description="Machine system timer implemented" />
      <BitField start="18" size="1" name="SYSINFO_SOC_IO_UART0" description="Primary universal asynchronous receiver/transmitter 0 implemented" />
      <BitField start="19" size="1" name="SYSINFO_SOC_IO_SPI" description="Serial peripheral interface implemented" />
      <BitField start="20" size="1" name="SYSINFO_SOC_IO_TWI" description="Two-wire interface implemented" />
      <BitField start="21" size="1" name="SYSINFO_SOC_IO_PWM" description="Pulse-width modulation unit implemented" />
      <BitField start="22" size="1" name="SYSINFO_SOC_IO_WDT" description="Watchdog timer implemented" />
      <BitField start="23" size="1" name="SYSINFO_SOC_IO_CFS" description="Custom functions subsystem implemented" />
      <BitField start="24" size="1" name="SYSINFO_SOC_IO_TRNG" description="True random number generator implemented" />
      <BitField start="25" size="1" name="SYSINFO_SOC_IO_SLINK" description="Stream link interface implemented" />
      <BitField start="26" size="1" name="SYSINFO_SOC_IO_UART1" description="Secondary universal asynchronous receiver/transmitter 1 implemented" />
      <BitField start="27" size="1" name="SYSINFO_SOC_IO_NEOLED" description="NeoPixel-compatible smart LED interface implemented" />
      <BitField start="28" size="1" name="SYSINFO_SOC_IO_XIRQ" description="External interrupt controller implemented" />
      <BitField start="29" size="1" name="SYSINFO_SOC_IO_GPTMR" description="General purpose timer implemented" />
    </Register>
    <Register start="+0x0C" size="4" name="CACHE" access="ReadOnly" description="Cache configuration" reset_value="0x00000000" reset_mask="0x00000000">
      <BitField start="0" size="4" name="SYSINFO_CACHE_IC_BLOCK_SIZE" description="i-cache: log2(Block size in bytes)" />
      <BitField start="4" size="4" name="SYSINFO_CACHE_IC_NUM_BLOCKS" description="i-cache: log2(Number of cache blocks/pages/lines)" />
      <BitField start="8" size="4" name="SYSINFO_CACHE_IC_ASSOCIATIVITY" description="i-cache: log2(associativity)" />
      <BitField start="12" size="4" name="SYSINFO_CACHE_IC_REPLACEMENT" description="i-cache: replacement policy (0001 = LRU if associativity &gt; 0)" />
    </Register>
    <Register start="+0x10" size="4" name="ISPACE_BASE" access="ReadOnly" description="Instruction memory address space base address" reset_value="0x00000000" reset_mask="0x00000000" />
    <Register start="+0x14" size="4" name="DSPACE_BASE" access="ReadOnly" description="Data memory address space base address" reset_value="0x00000000" reset_mask="0x00000000" />
    <Register start="+0x18" size="4" name="IMEM_SIZE" access="ReadOnly" description="Internal instruction memory (IMEM) size in bytes" reset_value="0x00000000" reset_mask="0x00000000" />
    <Register start="+0x1C" size="4" name="DMEM_SIZE" access="ReadOnly" description="Internal data memory (DMEM) size in bytes" reset_value="0x00000000" reset_mask="0x00000000" />
  </RegisterGroup>
</Processor>
