<!DOCTYPE Linker_Placement_File>
<Root name="TCM Section Placement">
  <MemorySegment name="IMEM">
    <ProgramSection alignment="4"  load="Yes" name=".init" />
    <ProgramSection alignment="4"  load="Yes" name=".init_rodata" />
    <ProgramSection alignment="4"  load="Yes" name=".text" />
    <ProgramSection alignment="4"  load="Yes" name=".dtors" />
    <ProgramSection alignment="4"  load="Yes" name=".ctors" />
    <ProgramSection alignment="4"  load="Yes" name=".rodata" />
    <ProgramSection alignment="4"  load="Yes" name=".srodata" />
    <ProgramSection alignment="4"  load="Yes" name=".eh_frame" keep="Yes" />
    <ProgramSection alignment="4"  load="Yes" name=".gcc_except_table" />
    <ProgramSection alignment="4"  load="Yes" name=".exec.itable" />
    <ProgramSection alignment="4"  load="Yes" name=".fast" />
    <ProgramSection alignment="4"  load="Yes" name=".data"  runin=".data_run" />
    <ProgramSection alignment="4"  load="Yes" name=".tdata" runin=".tdata_run" />
    <ProgramSection alignment="4"  load="Yes" name=".sdata" runin=".sdata_run" inputsections="*(.sdata.* .sdata2.*)" />
  </MemorySegment>
  <MemorySegment name="DMEM">
    <ProgramSection alignment="4"  load="No" name=".data_run" />
    <ProgramSection alignment="4"  load="No" name=".tdata_run" />
    <ProgramSection alignment="4"  load="No" name=".sdata_run" />
    <ProgramSection alignment="4"  load="No" name=".bss" />
    <ProgramSection alignment="4"  load="No" name=".tbss" />
    <ProgramSection alignment="4"  load="No" name=".sbss" />
    <ProgramSection alignment="4"  load="No" name=".non_init" />
    <ProgramSection alignment="4"  load="No" name=".stack" size="__STACKSIZE__" />
    <ProgramSection alignment="16" load="No" name=".heap"  size="__HEAPSIZE__" />
  </MemorySegment>
  <MemorySegment name="SDRAM">
  </MemorySegment>
</Root>
