{
	"partitions" : [
		{
			"name" : "Top",
			"pins" : [
				{
					"name" : "TDO_o",
					"strict" : false
				},
				{
					"name" : "SDRAM_CS_N",
					"strict" : false
				},
				{
					"name" : "SDRAM_RAS_N",
					"strict" : false
				},
				{
					"name" : "SDRAM_CAS_N",
					"strict" : false
				},
				{
					"name" : "SDRAM_WE_N",
					"strict" : false
				},
				{
					"name" : "SDRAM_DQML",
					"strict" : false
				},
				{
					"name" : "SDRAM_DQMU",
					"strict" : false
				},
				{
					"name" : "SDRAM_ADDR[0]",
					"strict" : false
				},
				{
					"name" : "SDRAM_ADDR[1]",
					"strict" : false
				},
				{
					"name" : "SDRAM_ADDR[2]",
					"strict" : false
				},
				{
					"name" : "SDRAM_ADDR[3]",
					"strict" : false
				},
				{
					"name" : "SDRAM_ADDR[4]",
					"strict" : false
				},
				{
					"name" : "SDRAM_ADDR[5]",
					"strict" : false
				},
				{
					"name" : "SDRAM_ADDR[6]",
					"strict" : false
				},
				{
					"name" : "SDRAM_ADDR[7]",
					"strict" : false
				},
				{
					"name" : "SDRAM_ADDR[8]",
					"strict" : false
				},
				{
					"name" : "SDRAM_ADDR[9]",
					"strict" : false
				},
				{
					"name" : "SDRAM_ADDR[10]",
					"strict" : false
				},
				{
					"name" : "SDRAM_ADDR[11]",
					"strict" : false
				},
				{
					"name" : "SDRAM_ADDR[12]",
					"strict" : false
				},
				{
					"name" : "SDRAM_BA_0",
					"strict" : false
				},
				{
					"name" : "SDRAM_BA_1",
					"strict" : false
				},
				{
					"name" : "UART0_TXD",
					"strict" : false
				},
				{
					"name" : "TWI_SDA_O",
					"strict" : false
				},
				{
					"name" : "TWI_SCL_O",
					"strict" : false
				},
				{
					"name" : "PWM[0]",
					"strict" : false
				},
				{
					"name" : "PWM[1]",
					"strict" : false
				},
				{
					"name" : "PWM[2]",
					"strict" : false
				},
				{
					"name" : "PWM[3]",
					"strict" : false
				},
				{
					"name" : "GPIO_o[0]",
					"strict" : false
				},
				{
					"name" : "GPIO_o[1]",
					"strict" : false
				},
				{
					"name" : "GPIO_o[2]",
					"strict" : false
				},
				{
					"name" : "SDRAM_DQ[0]",
					"strict" : false
				},
				{
					"name" : "SDRAM_DQ[1]",
					"strict" : false
				},
				{
					"name" : "SDRAM_DQ[2]",
					"strict" : false
				},
				{
					"name" : "SDRAM_DQ[3]",
					"strict" : false
				},
				{
					"name" : "SDRAM_DQ[4]",
					"strict" : false
				},
				{
					"name" : "SDRAM_DQ[5]",
					"strict" : false
				},
				{
					"name" : "SDRAM_DQ[6]",
					"strict" : false
				},
				{
					"name" : "SDRAM_DQ[7]",
					"strict" : false
				},
				{
					"name" : "SDRAM_DQ[8]",
					"strict" : false
				},
				{
					"name" : "SDRAM_DQ[9]",
					"strict" : false
				},
				{
					"name" : "SDRAM_DQ[10]",
					"strict" : false
				},
				{
					"name" : "SDRAM_DQ[11]",
					"strict" : false
				},
				{
					"name" : "SDRAM_DQ[12]",
					"strict" : false
				},
				{
					"name" : "SDRAM_DQ[13]",
					"strict" : false
				},
				{
					"name" : "SDRAM_DQ[14]",
					"strict" : false
				},
				{
					"name" : "SDRAM_DQ[15]",
					"strict" : false
				},
				{
					"name" : "FPGA_RESET_N",
					"strict" : false
				},
				{
					"name" : "TCK_i",
					"strict" : false
				},
				{
					"name" : "nTRST_i",
					"strict" : false
				},
				{
					"name" : "TWI_SCL",
					"strict" : false
				},
				{
					"name" : "TMS_i",
					"strict" : false
				},
				{
					"name" : "TDI_i",
					"strict" : false
				},
				{
					"name" : "GPIO_i[1]",
					"strict" : false
				},
				{
					"name" : "GPIO_i[0]",
					"strict" : false
				},
				{
					"name" : "GPIO_i[8]",
					"strict" : false
				},
				{
					"name" : "GPIO_i[12]",
					"strict" : false
				},
				{
					"name" : "GPIO_i[11]",
					"strict" : false
				},
				{
					"name" : "GPIO_i[6]",
					"strict" : false
				},
				{
					"name" : "GPIO_i[5]",
					"strict" : false
				},
				{
					"name" : "GPIO_i[10]",
					"strict" : false
				},
				{
					"name" : "GPIO_i[9]",
					"strict" : false
				},
				{
					"name" : "GPIO_i[7]",
					"strict" : false
				},
				{
					"name" : "GPIO_i[2]",
					"strict" : false
				},
				{
					"name" : "GPIO_i[3]",
					"strict" : false
				},
				{
					"name" : "GPIO_i[4]",
					"strict" : false
				},
				{
					"name" : "TWI_SDA",
					"strict" : false
				},
				{
					"name" : "UART0_RXD",
					"strict" : false
				}
			]
		}
	]
}